<?xml version="1.0"?>
<config xmlns:xsi="http://www.w3.org/2001/XMLSchema-instance" xsi:noNamespaceSchemaLocation="urn:magento:framework:ObjectManager/etc/config.xsd">
    <type name="Kinex\ProductDiscount\Model\Session">
        <arguments>
            <argument name="storage" xsi:type="object">Kinex\ProductDiscount\Model\Session\Storage</argument>
        </arguments>
    </type>
    <type name="Magento\Catalog\Model\Product">
        <plugin name="product_discount" type="Kinex\ProductDiscount\Plugin\Model\Product" sortOrder="1" />
    </type>

   
</config>

