<?xml version="1.0"?>
<schema xmlns:xsi="http://www.w3.org/2001/XMLSchema-instance" xsi:noNamespaceSchemaLocation="urn:magento:framework:Setup/Declaration/Schema/etc/schema.xsd">
    <table name="product_rule" resource="default" engine="innodb" comment="Catalog Product Price Rule">
        <column xsi:type="int" name="product_rule_id" unsigned="true" nullable="false" identity="true" comment="Product Rule ID"/>
         <column xsi:type="varchar" name="rule_name_id" nullable="false" length="255" identity="true" comment=" Rule Name Id"/>
        <column xsi:type="varchar" name="product_rule_name" nullable="false" length="255" comment="Product Rule Name"/>
        <column xsi:type="int" name="status" nullable="false" comment="Status"/>
        <column xsi:type="varchar" name="coupon_code" nullable="false" unsigned="true" identity="true"  length="255" comment="Coupon Code"/>
         <column xsi:type="varchar" name="category" nullable="true" length="255" comment="Category"/>
        <column xsi:type="varchar" name="simple_action" nullable="true" length="32" comment="Simple Action"/>
        <column xsi:type="decimal" name="discount_amount" scale="6" precision="20" unsigned="false" nullable="false"
                default="0" comment="Discount Amount"/>
        <column xsi:type="int" name="coupon_use_limit" unsigned="false"   comment="Coupon Use Limit"/>
        <column xsi:type="date" name="from_date" comment="Latest StartDate"/>
        <column xsi:type="date" name="to_date" comment="Earliest EndDate"/>
        <column xsi:type="timestamp" name="created_at" on_update="true" nullable="false" default="CURRENT_TIMESTAMP" comment="Created At"/>
        <column xsi:type="timestamp" name="updated_at" on_update="true" nullable="false" default="CURRENT_TIMESTAMP" comment="Updated At"/>
        <constraint xsi:type="primary" referenceId="PRIMARY">
            <column name="product_rule_id"/>
        </constraint>
        <constraint xsi:type="unique" >
            <column name="rule_name_id"/>
        </constraint>
    </table>
</schema>