<?xml version="1.0"?>
<config xmlns:xsi="http://www.w3.org/2001/XMLSchema-instance" xsi:noNamespaceSchemaLocation="urn:magento:framework:ObjectManager/etc/config.xsd">
    <preference for="Kinex\ProductDiscount\Api\Data\ProductRuleInterface" type="Kinex\ProductDiscount\Model\ProductRule" />
    <preference for="Kinex\ProductDiscount\Api\ProductRuleRepositoryInterface" type="Kinex\ProductDiscount\Model\ProductRuleRepository"/>
    <virtualType name="GridDataProvider" type="Magento\Framework\View\Element\UiComponent\DataProvider\DataProvider">
        <arguments>
            <argument name="collection" xsi:type="object" shared="false">Kinex\ProductDiscount\Model\ResourceModel\ProductRule\Collection</argument>
        </arguments>
    </virtualType>

    <type name="Magento\Framework\View\Element\UiComponent\DataProvider\CollectionFactory">
        <arguments>
            <argument name="collections" xsi:type="array">
                <item name="productrule_grid_list_data_source" xsi:type="string">Kinex\ProductDiscount\Model\ResourceModel\ProductRule\Grid\Collection</item>
            </argument>
        </arguments>
    </type>

    <type name="Kinex\ProductDiscount\Model\ResourceModel\ProductRule\Grid\Collection">
        <arguments>
            <argument name="mainTable" xsi:type="string">product_rule</argument>
            <argument name="eventPrefix" xsi:type="string">product_rule_grid_collection</argument>
            <argument name="eventObject" xsi:type="string">product_rule_collection</argument>
            <argument name="resourceModel" xsi:type="string">Kinex\ProductDiscount\Model\ResourceModel\ProductRule</argument>
        </arguments>
    </type>
    <type name="Magento\Framework\Model\Entity\RepositoryFactory">
        <arguments>
            <argument name="entities" xsi:type="array">
                <item name="Kinex\ProductDiscount\Api\Data\ProductRuleInterface" xsi:type="string">Kinex\ProductDiscount\Api\ProductRuleRepositoryInterface</item>
            </argument>
        </arguments>
    </type>
    <type name="Magento\ConfigurableProduct\Block\Product\View\Type\Configurable">
        <plugin disabled="false" name="ProductSku_Ext_Plugin_ConfigurableProduct_Block_Product_View_Type_Configurable" sortOrder="10" type="Kinex\ProductDiscount\Plugin\ConfigurableProduct\Block\Product\View\Type\Configurable"/>
    </type>

    <type name="Magento\Swatches\Block\Product\Renderer\Configurable">
        <plugin disabled="true" name="ProductSku_Ext_ConfigurableSkuSwitch_Plugin_Magento_Swatches_Block_Product_Renderer_Configurable" sortOrder="10" type="Kinex\ProductDiscount\Plugin\Swatches\Block\Product\Renderer\Configurable"/>
    </type>
    <type name="Magento\Customer\CustomerData\SectionPoolInterface">
        <arguments>
            <argument name="sectionSourceMap" xsi:type="array">
                <item name="cart" xsi:type="string">Magento\Checkout\CustomerData\Cart</item>
                <item name="directory-data" xsi:type="string">Magento\Checkout\CustomerData\DirectoryData</item>
            </argument>
        </arguments>
    </type>
</config>
