<?xml version="1.0"?>

<config xmlns:xsi="http://www.w3.org/2001/XMLSchema-instance" xsi:noNamespaceSchemaLocation="urn:magento:framework:Event/etc/events.xsd">
   <event name="checkout_cart_product_add_after">
        <observer name="customprice" instance="Kinex\ProductDiscount\Observer\CustomPrice" />
    </event> 
     <event name="sales_order_item_save_after">
        <observer name="sales_order_item_save_after" instance="Kinex\ProductDiscount\Observer\SalesOrderItemSaveAfter" />
    </event>
     <event name="sales_order_save_after">
        <observer name="yourmodule_sales_order_save_after" instance="Kinex\ProductDiscount\Observer\ChangeItemPrice" />
    </event>
</config>
