<?xml version="1.0"?>
<!--
/**
 * Copyright © 2015 Magento. All rights reserved.
 * See COPYING.txt for license details.
 */
-->
<config xmlns:xsi="http://www.w3.org/2001/XMLSchema-instance" xsi:noNamespaceSchemaLocation="urn:magento:module:Magento_Sales:etc/sales.xsd">
    <section name="quote">
        <group name="totals">
            <item name="custom_product_discount" instance="Kinex\ProductDiscount\Model\Quote\Discount" sort_order="500"/>
        </group>
    </section>
    <section name="order_invoice">
        <group name="totals">
            <item name="custom_product_discount" instance="Kinex\ProductDiscount\Model\Invoice\Total\Discount" sort_order="160"/>
        </group>
    </section>
    <section name="order_creditmemo">
        <group name="totals">
            <item name="custom_product_discount" instance="Kinex\ProductDiscount\Model\Creditmemo\Total\Discount" sort_order="160"/>
        </group>
    </section>
</config>